{
	"model": {
		"type": "select",
		"property": "minecraft:custom_model_data",
		"fallback": {
			"type": "minecraft:condition",
			"property": "minecraft:using_item",
			"on_true": {
				"type": "minecraft:special",
				"model": {
					"type": "minecraft:shield"
				},
				"base": "item/shield_blocking"
			},
			"on_false": {
				"type": "minecraft:special",
				"model": {
					"type": "minecraft:shield"
				},
				"base": "item/shield"
			}
		},
		"cases": [
			{
				"when": "1",
				"model": {
					"type": "minecraft:condition",
					"property": "minecraft:using_item",
					"on_true": {
						"type": "minecraft:model",
						"model": "item/watch/watch_blocking"
					},
					"on_false": {
						"type": "minecraft:model",
						"model": "item/watch/watch"
					}
				}
			},
			{
				"when": "2",
				"model": {
					"type": "minecraft:condition",
					"property": "minecraft:using_item",
					"on_true": {
						"type": "minecraft:model",
						"model": "item/watch/watch_slim_blocking"
					},
					"on_false": {
						"type": "minecraft:model",
						"model": "item/watch/watch_slim"
					}
				}
			},
			{
				"when": "3",
				"model": {
					"type": "minecraft:condition",
					"property": "minecraft:using_item",
					"on_true": {
						"type": "minecraft:model",
						"model": "item/watch_blocking_slim"
					},
					"on_false": {
						"type": "minecraft:model",
						"model": "item/watch_slim"
					}
				}
			}
		]
	}
}