{
	"credit": "Made with Blockbench",
	"textures": {
		"1": "item/monster"
	},
	"elements": [
		{
			"from": [7, 0, 6],
			"to": [9, 8, 10],
			"rotation": {"angle": 0, "axis": "y", "origin": [7, 0, 7]},
			"faces": {
				"north": {"uv": [0, 0, 3.2, 12.8], "texture": "#1"},
				"east": {"uv": [9.6, 0, 12.8, 12.8], "texture": "#1"},
				"south": {"uv": [6.4, 0, 9.6, 12.8], "texture": "#1"},
				"west": {"uv": [2.8, 0, 6, 12.8], "texture": "#1"},
				"up": {"uv": [0.8, 12.8, 2.4, 16], "texture": "#1"},
				"down": {"uv": [4, 12.8, 5.6, 16], "texture": "#1"}
			}
		},
		{
			"from": [9, 0, 7],
			"to": [10, 8, 9],
			"rotation": {"angle": 0, "axis": "y", "origin": [9, 0, 8]},
			"faces": {
				"north": {"uv": [5.8, 0, 6.6, 12.8], "texture": "#1"},
				"east": {"uv": [3.2, 0, 6.4, 12.8], "texture": "#1"},
				"south": {"uv": [11, 0, 11.8, 12.8], "texture": "#1"},
				"west": {"uv": [0, 0, 2, 5], "texture": "#1"},
				"up": {"uv": [2.4, 13.6, 3.2, 15.2], "texture": "#1"},
				"down": {"uv": [5.6, 13.6, 6.4, 15.2], "texture": "#1"}
			}
		},
		{
			"from": [6, 0, 7],
			"to": [7, 8, 9],
			"rotation": {"angle": 0, "axis": "y", "origin": [6, 0, 8]},
			"faces": {
				"north": {"uv": [8.8, 0, 9.6, 12.8], "texture": "#1"},
				"east": {"uv": [0, 0, 2, 4], "texture": "#1"},
				"south": {"uv": [12, 0, 12.8, 12.8], "texture": "#1"},
				"west": {"uv": [9.6, 0, 12.8, 12.8], "texture": "#1"},
				"up": {"uv": [0, 13.6, 0.8, 15.2], "texture": "#1"},
				"down": {"uv": [3.2, 13.6, 4, 15.2], "texture": "#1"}
			}
		}
	],
	"display": {
		"thirdperson_righthand": {
			"rotation": [55, 0, 0],
			"translation": [0, 3.25, 3.75],
			"scale": [1.1, 1.1, 1.1]
		},
		"thirdperson_lefthand": {
			"rotation": [55, 0, 0],
			"translation": [0, 3.25, 3.75],
			"scale": [1.1, 1.1, 1.1]
		},
		"firstperson_righthand": {
			"rotation": [0, 120, 0],
			"translation": [9, 0.25, -6.25],
			"scale": [3, 3, 3]
		},
		"firstperson_lefthand": {
			"rotation": [0, 120, 0],
			"translation": [9, 0.25, -6.25],
			"scale": [3, 3, 3]
		},
		"ground": {
			"translation": [0, 4.25, 0]
		},
		"gui": {
			"rotation": [26, 135, 0],
			"translation": [0, 5.75, 0],
			"scale": [1.75, 1.75, 1.75]
		},
		"head": {
			"translation": [0, 18.25, 0],
			"scale": [1.5, 1.5, 1.5]
		},
		"fixed": {
			"rotation": [-90, 0, 0],
			"translation": [0, 0, -14],
			"scale": [2, 2, 2]
		}
	}
}