{
	"credit": "Made with Blockbench",
	"textures": {
		"0": "item/texture"
	},
	"elements": [
		{
			"from": [6.5, -3.15, 5],
			"to": [9.5, -2.15, 11],
			"rotation": {"angle": 0, "axis": "y", "origin": [5.5, 5.85, 4]},
			"faces": {
				"north": {"uv": [4, 10, 2, 16], "rotation": 90, "texture": "#0"},
				"east": {"uv": [4, 14, 16, 16], "texture": "#0"},
				"south": {"uv": [10, 14, 16, 16], "texture": "#0"},
				"west": {"uv": [16, 16, 4, 14], "texture": "#0"},
				"up": {"uv": [16, 16, 4, 10], "rotation": 90, "texture": "#0"},
				"down": {"uv": [4, 16, 16, 10], "rotation": 270, "texture": "#0"}
			}
		},
		{
			"from": [6.5, -2.15, 5],
			"to": [9.5, 2.85, 6],
			"rotation": {"angle": 0, "axis": "y", "origin": [7.5, -2.15, 6]},
			"faces": {
				"north": {"uv": [0, 10, 10, 16], "rotation": 90, "texture": "#0"},
				"east": {"uv": [6.5, 10, 16, 12], "rotation": 90, "texture": "#0"},
				"south": {"uv": [0, 10, 10, 16], "rotation": 90, "texture": "#0"},
				"west": {"uv": [6, 14, 16, 16], "rotation": 90, "texture": "#0"},
				"up": {"uv": [16, 16, 14, 10], "rotation": 90, "texture": "#0"},
				"down": {"uv": [16, 10, 10, 12], "texture": "#0"}
			}
		},
		{
			"from": [6.5, -2.15, 10],
			"to": [9.5, 2.85, 11],
			"rotation": {"angle": 0, "axis": "y", "origin": [7.5, -2.15, 11]},
			"faces": {
				"north": {"uv": [6, 10, 16, 16], "rotation": 90, "texture": "#0"},
				"east": {"uv": [6, 14, 16, 16], "rotation": 90, "texture": "#0"},
				"south": {"uv": [6, 10, 16, 16], "rotation": 90, "texture": "#0"},
				"west": {"uv": [6, 14, 16, 16], "rotation": 90, "texture": "#0"},
				"up": {"uv": [0, 16, 2, 10], "rotation": 90, "texture": "#0"},
				"down": {"uv": [16, 10, 10, 12], "texture": "#0"}
			}
		},
		{
			"from": [7.5, 2.85, 7.5],
			"to": [8.5, 3.35, 8.5],
			"rotation": {"angle": 0, "axis": "y", "origin": [8.5, 2.85, 8.5]},
			"faces": {
				"north": {"uv": [1, 12, 2, 13], "texture": "#0"},
				"east": {"uv": [1, 12, 2, 13], "texture": "#0"},
				"south": {"uv": [1, 12, 2, 13], "texture": "#0"},
				"west": {"uv": [1, 12, 2, 13], "texture": "#0"},
				"up": {"uv": [6, 6, 4, 4], "texture": "#0"},
				"down": {"uv": [4, 12, 3, 13], "texture": "#0"}
			}
		},
		{
			"from": [5.5, 1.85, 5.5],
			"to": [6.5, 3.35, 10.5],
			"rotation": {"angle": 0, "axis": "y", "origin": [6.5, 1.85, 6.5]},
			"faces": {
				"north": {"uv": [0, 12, 2, 15], "texture": "#0"},
				"east": {"uv": [0, 8, 10, 10], "texture": "#0"},
				"south": {"uv": [0, 12, 2, 15], "texture": "#0"},
				"west": {"uv": [0, 8, 10, 10], "texture": "#0"},
				"up": {"uv": [10, 2, 0, 0], "rotation": 90, "texture": "#0"},
				"down": {"uv": [10, 0, 0, 2], "texture": "#0"}
			}
		},
		{
			"from": [9.5, 1.85, 5.5],
			"to": [10.5, 3.35, 10.5],
			"rotation": {"angle": 0, "axis": "y", "origin": [10.5, 1.85, 6.5]},
			"faces": {
				"north": {"uv": [0, 10, 2, 13], "texture": "#0"},
				"east": {"uv": [0, 8, 10, 10], "texture": "#0"},
				"south": {"uv": [0, 10, 2, 13], "texture": "#0"},
				"west": {"uv": [0, 8, 10, 10], "texture": "#0"},
				"up": {"uv": [10, 10, 0, 8], "rotation": 90, "texture": "#0"},
				"down": {"uv": [10, 8, 0, 10], "texture": "#0"}
			}
		},
		{
			"from": [6.5, 1.85, 5.5],
			"to": [9.5, 3.35, 6.5],
			"rotation": {"angle": 0, "axis": "y", "origin": [7.5, 1.85, 6.5]},
			"faces": {
				"north": {"uv": [2, 8, 8, 10], "texture": "#0"},
				"east": {"uv": [0, 10, 2, 13], "texture": "#0"},
				"south": {"uv": [2, 8, 8, 10], "texture": "#0"},
				"west": {"uv": [0, 10, 2, 13], "texture": "#0"},
				"up": {"uv": [10, 8, 8, 2], "rotation": 90, "texture": "#0"},
				"down": {"uv": [10, 2, 8, 8], "texture": "#0"}
			}
		},
		{
			"from": [6.5, 1.85, 9.5],
			"to": [9.5, 3.35, 10.5],
			"rotation": {"angle": 0, "axis": "y", "origin": [7.5, 1.85, 10.5]},
			"faces": {
				"north": {"uv": [0, 0, 10, 10], "texture": "#0"},
				"east": {"uv": [0, 10, 2, 13], "texture": "#0"},
				"south": {"uv": [2, 6, 8, 8], "texture": "#0"},
				"west": {"uv": [0, 10, 2, 13], "texture": "#0"},
				"up": {"uv": [0, 2, 2, 8], "rotation": 270, "texture": "#0"},
				"down": {"uv": [2, 2, 0, 8], "texture": "#0"}
			}
		},
		{
			"from": [8, 2.85, 5.5],
			"to": [8.5, 3.1, 7.75],
			"rotation": {"angle": 45, "axis": "y", "origin": [8.75, 2.85, 8]},
			"faces": {
				"north": {"uv": [12, 3, 13, 4], "texture": "#0"},
				"east": {"uv": [12, 8, 16, 10], "texture": "#0"},
				"south": {"uv": [10, 6, 11.5, 7.5], "texture": "#0"},
				"west": {"uv": [12, 6, 16, 8], "texture": "#0"},
				"up": {"uv": [12, 10, 10, 6], "texture": "#0"},
				"down": {"uv": [14, 6, 12, 10], "texture": "#0"}
			}
		},
		{
			"from": [8, 2.85, 7.75],
			"to": [9.5, 3.1, 8.25],
			"rotation": {"angle": 0, "axis": "y", "origin": [8.25, 2.85, 8.5]},
			"faces": {
				"north": {"uv": [12, 3, 13, 4], "texture": "#0"},
				"east": {"uv": [11, 10, 13, 11], "texture": "#0"},
				"south": {"uv": [12, 3, 13, 4], "texture": "#0"},
				"west": {"uv": [10, 6, 16, 7.5], "texture": "#0"},
				"up": {"uv": [12, 10, 10, 6], "texture": "#0"},
				"down": {"uv": [1, 12, 0, 14], "texture": "#0"}
			}
		},
		{
			"from": [6.5, 1.85, 6.5],
			"to": [9.5, 2.85, 9.5],
			"rotation": {"angle": 0, "axis": "y", "origin": [7.5, 1.85, 7.5]},
			"faces": {
				"north": {"uv": [10, 0, 16, 2], "texture": "#0"},
				"east": {"uv": [10, 0, 16, 2], "texture": "#0"},
				"south": {"uv": [10, 0, 16, 2], "texture": "#0"},
				"west": {"uv": [10, 0, 16, 2], "texture": "#0"},
				"up": {"uv": [16, 6, 10, 0], "texture": "#0"},
				"down": {"uv": [16, 0, 10, 6], "texture": "#0"}
			}
		}
	],
	"display": {
		"thirdperson_righthand": {
			"rotation": [0, 90, 0],
			"translation": [0, 6, 3.25]
		},
		"thirdperson_lefthand": {
			"rotation": [0, 90, 0],
			"translation": [0, 6, 3.25]
		},
		"firstperson_righthand": {
			"rotation": [0, 90, 0],
			"translation": [0, 8.25, 0]
		},
		"firstperson_lefthand": {
			"rotation": [0, 90, 0],
			"translation": [0, 8.25, 0]
		},
		"ground": {
			"translation": [0, 7.5, 0]
		},
		"gui": {
			"rotation": [30, 45, 90],
			"translation": [-10, -4.5, 0],
			"scale": [1.75, 1.75, 1.75]
		},
		"fixed": {
			"rotation": [0, 90, -90],
			"translation": [0, 0, -13],
			"scale": [2, 2, 2]
		}
	},
	"groups": [
		{
			"name": "band",
			"origin": [7.5, -2.15, 11],
			"color": 0,
			"children": [0, 1, 2]
		},
		{
			"name": "base",
			"origin": [8.5, 2.85, 8.5],
			"color": 0,
			"children": [3, 4, 5, 6, 7]
		},
		{
			"name": "hands",
			"origin": [8.75, 2.85, 8],
			"color": 0,
			"children": [8, 9]
		},
		10
	]
}